id,message
1,Pipeline handles data with Spark
2,Batch handles data using clusters
3,Spark streams data using clusters
4,Streaming processes data efficiently
5,Analytics analyzes data using clusters
6,Python runs data at scale
7,Spark handles data using clusters
8,Batch computes data in Hadoop
9,Python processes data in Hadoop
10,Spark handles data with ease
11,Big Data analyzes data with accuracy
12,Streaming produces data with Spark
13,Python computes data using clusters
14,Big Data manages data in Hadoop
15,Kafka delivers data with accuracy
16,Kafka manages data using clusters
17,Kafka generates data efficiently
18,Hadoop handles data with accuracy
19,Kafka processes data in production
20,Machine Learning analyzes data with ease
21,Big Data runs data using clusters
22,Batch runs data using clusters
23,Spark generates data in real time
24,Batch manages data for businesses
25,Machine Learning delivers data using clusters
26,Pipeline handles data in real time
27,Batch generates data using clusters
28,Streaming analyzes data with Spark
29,Pipeline generates data in production
30,Streaming delivers data in production
31,Streaming generates data with Spark
32,Big Data handles data with ease
33,Streaming computes data in Hadoop
34,Hadoop manages data with accuracy
35,Analytics handles data in Hadoop
36,Kafka processes data with ease
37,Streaming processes data using clusters
38,Hadoop computes data in real time
39,Machine Learning runs data with accuracy
40,Hadoop streams data at scale
41,Hadoop manages data in Hadoop
42,Kafka streams data at scale
43,Python computes data in real time
44,Kafka runs data in production
45,Big Data analyzes data with Spark
46,Kafka delivers data at scale
47,Spark produces data in Hadoop
48,Batch produces data in Hadoop
49,Pipeline produces data efficiently
50,Hadoop produces data with accuracy
51,Analytics generates data with ease
52,Pipeline analyzes data for businesses
53,Batch manages data with Spark
54,Kafka produces data in real time
55,Kafka handles data in real time
56,Pipeline handles data at scale
57,Python delivers data with Spark
58,Spark produces data using clusters
59,Machine Learning manages data efficiently
60,Analytics analyzes data with accuracy
61,Analytics streams data in production
62,Big Data delivers data in real time
63,Spark handles data at scale
64,Pipeline generates data in Hadoop
65,Streaming streams data for businesses
66,Analytics analyzes data using clusters
67,Big Data streams data using clusters
68,Streaming streams data with accuracy
69,Big Data processes data in Hadoop
70,Streaming produces data using clusters
71,Hadoop produces data with Spark
72,Big Data generates data at scale
73,Machine Learning streams data in production
74,Streaming streams data efficiently
75,Batch delivers data for businesses
76,Pipeline produces data in Hadoop
77,Pipeline processes data using clusters
78,Python generates data in Hadoop
79,Analytics delivers data in real time
80,Kafka streams data in production
81,Kafka delivers data efficiently
82,Batch streams data for businesses
83,Kafka produces data with accuracy
84,Batch delivers data in real time
85,Kafka manages data with accuracy
86,Spark runs data in real time
87,Kafka streams data with Spark
88,Batch computes data in production
89,Analytics generates data in production
90,Machine Learning produces data in real time
91,Spark delivers data with accuracy
92,Batch computes data with Spark
93,Machine Learning computes data efficiently
94,Batch processes data in Hadoop
95,Big Data manages data using clusters
96,Pipeline runs data using clusters
97,Analytics manages data efficiently
98,Hadoop produces data with ease
99,Batch processes data in production
100,Pipeline runs data for businesses
101,Python streams data in Hadoop
102,Analytics manages data in Hadoop
103,Machine Learning runs data at scale
104,Spark generates data efficiently
105,Big Data analyzes data at scale
106,Streaming generates data in Hadoop
107,Machine Learning delivers data in Hadoop
108,Streaming handles data at scale
109,Big Data runs data with accuracy
110,Batch processes data in real time
111,Streaming processes data for businesses
112,Spark handles data with Spark
113,Python computes data in production
114,Python handles data with ease
115,Python handles data in real time
116,Spark streams data in Hadoop
117,Big Data processes data with Spark
118,Spark runs data in Hadoop
119,Big Data delivers data for businesses
120,Python runs data in production
121,Kafka computes data at scale
122,Python processes data with ease
123,Streaming delivers data using clusters
124,Kafka delivers data with ease
125,Spark computes data efficiently
126,Spark runs data with ease
127,Hadoop computes data in Hadoop
128,Streaming computes data in Hadoop
129,Machine Learning delivers data in real time
130,Python generates data with ease
131,Hadoop delivers data at scale
132,Pipeline handles data using clusters
133,Python processes data in production
134,Streaming analyzes data efficiently
135,Analytics processes data using clusters
136,Big Data analyzes data in Hadoop
137,Pipeline delivers data at scale
138,Python computes data in Hadoop
139,Pipeline analyzes data efficiently
140,Kafka handles data with Spark
141,Pipeline streams data with accuracy
142,Spark streams data with ease
143,Kafka processes data with ease
144,Machine Learning streams data efficiently
145,Spark generates data in production
146,Kafka analyzes data with ease
147,Big Data handles data in production
148,Hadoop runs data in Hadoop
149,Hadoop processes data at scale
150,Batch streams data with accuracy
151,Spark manages data efficiently
152,Analytics analyzes data for businesses
153,Analytics processes data for businesses
154,Kafka produces data with accuracy
155,Pipeline streams data in real time
156,Pipeline runs data using clusters
157,Streaming produces data efficiently
158,Kafka runs data efficiently
159,Batch delivers data for businesses
160,Kafka computes data efficiently
161,Kafka computes data in Hadoop
162,Spark manages data at scale
163,Batch manages data efficiently
164,Python analyzes data in real time
165,Streaming runs data with accuracy
166,Batch analyzes data efficiently
167,Kafka manages data in production
168,Batch computes data for businesses
169,Big Data analyzes data efficiently
170,Machine Learning generates data for businesses
171,Hadoop analyzes data efficiently
172,Batch produces data in real time
173,Machine Learning streams data using clusters
174,Streaming analyzes data using clusters
175,Analytics processes data in Hadoop
176,Analytics manages data in production
177,Big Data manages data efficiently
178,Batch streams data with accuracy
179,Streaming generates data for businesses
180,Streaming processes data with accuracy
181,Kafka analyzes data with Spark
182,Spark runs data in Hadoop
183,Spark manages data with Spark
184,Analytics handles data with ease
185,Kafka streams data in production
186,Big Data processes data with ease
187,Machine Learning delivers data with accuracy
188,Batch generates data for businesses
189,Batch computes data in production
190,Batch streams data at scale
191,Batch delivers data using clusters
192,Spark computes data in real time
193,Machine Learning streams data with accuracy
194,Analytics analyzes data efficiently
195,Analytics generates data in production
196,Analytics produces data at scale
197,Big Data generates data efficiently
198,Python runs data in Hadoop
199,Batch handles data with accuracy
200,Kafka delivers data in production
